r,g,b,place,light,cluster,cluster_name
0.2532756581047501,0.45752893671859723,0.28919540517665254,Place4,1,2,Neutral
0.21327260435359147,0.45412151606213835,0.3326058795842702,Place4,2,3,Cool
0.24942642671386553,0.45483980343900626,0.29573376984712824,Place5,1,2,Neutral
0.23328395547273348,0.4461200039700171,0.32059604055724944,Place5,2,3,Cool
0.16779527234838149,0.42953920366476395,0.4026655239868545,Place9,1,4,Very_Cool
0.2215463129147276,0.4612561523108557,0.31719753477441665,Place9,2,3,Cool
0.16853339444360327,0.4318770537756735,0.39958955178072325,Place10,1,4,Very_Cool
0.22554534289848438,0.4558428960327883,0.3186117610687273,Place10,2,3,Cool
0.2553171847645389,0.4516072558221647,0.2930755594132965,Place13,1,2,Neutral
0.20862757151177566,0.4539528919100791,0.3374195365781453,Place13,2,3,Cool
0.26743081419156073,0.4488446079673972,0.28372457784104205,Place14,1,2,Neutral
0.1989148928480114,0.4537346239674013,0.34735048318458733,Place14,2,3,Cool
0.2667618655200866,0.45048810381288185,0.2827500306670315,Place15,1,2,Neutral
0.2000134331636375,0.45448739570504826,0.34549917113131423,Place15,2,3,Cool
0.2609912964085524,0.44751038369143037,0.29149831990001723,Place16,1,2,Neutral
0.1978045201543153,0.45342317408998595,0.3487723057556988,Place16,2,3,Cool
0.27693101369860507,0.42285403100998875,0.30021495529140624,Place17,1,2,Neutral
0.23231822463132432,0.4491662665176882,0.31851550885098767,Place17,2,3,Cool
0.2738579858611425,0.4521060260942835,0.27403598804457396,Place20,1,2,Neutral
0.22485655407988686,0.45020319352614946,0.3249402523939637,Place20,2,3,Cool
0.20059314150140525,0.4642043708392273,0.3352024876593675,Place22,1,3,Cool
0.3581857349365087,0.451720395113154,0.19009386995033736,Place22,2,1,Warm
0.22583688600776922,0.4085650491197702,0.3655980648724606,Place23,1,4,Very_Cool
0.22619093976312304,0.4687825852939675,0.3050264749429095,Place23,2,3,Cool
0.22681529878781806,0.45257479087357244,0.32060991033860947,Place26,1,3,Cool
0.2952640743516068,0.4462153026733586,0.2585206229750347,Place26,2,2,Neutral
0.24287348035290332,0.45044018983700407,0.30668632981009253,Place50,1,3,Cool
0.3377088400937431,0.44370393608975445,0.21858722381650245,Place50,2,1,Warm
0.22055829537401228,0.4468557351335476,0.33258596949244,Place52,1,3,Cool
0.2937284104771567,0.4245388416309665,0.28173274789187674,Place52,2,2,Neutral
0.2211477204715468,0.4466863739663667,0.3321659055620866,Place54,1,3,Cool
0.333363613266585,0.44343306313224146,0.22320332360117356,Place54,2,1,Warm
0.22737760783899325,0.45281506322702575,0.31980732893398095,Place59,1,3,Cool
0.3288376733952578,0.44787928196185706,0.22328304464288526,Place59,2,2,Neutral
0.22412006407761717,0.4498183109936556,0.3260616249287272,Place61,1,3,Cool
0.33924,0.445685,0.215075,Place61,2,1,Warm
0.23308296953405538,0.447466247068422,0.3194507833975226,Place63,1,3,Cool
0.34538788186485797,0.4429483652647165,0.21166375287042566,Place63,2,1,Warm
0.2377546539807581,0.448393178459118,0.3138521675601238,Place67,1,3,Cool
0.32769354648650767,0.4475739704735344,0.2247324830399578,Place67,2,2,Neutral
0.23313257861387246,0.4474025099268445,0.3194649114592831,Place69,1,3,Cool
0.3378254079973531,0.44414328788924307,0.21803130411340366,Place69,2,1,Warm
0.22989341553950177,0.4522765987148192,0.317829985745679,Place71,1,3,Cool
0.33420927114913684,0.4448467026728828,0.2209440261779804,Place71,2,1,Warm
0.22319996142424375,0.44679380534115254,0.33000623323460365,Place73,1,3,Cool
0.33363738031983914,0.4452290733723734,0.2211335463077874,Place73,2,1,Warm
0.21912009320714512,0.44481839555447866,0.3360615112383762,Place76,1,3,Cool
0.3413178628622034,0.4406781270663206,0.21800401007147618,Place76,2,1,Warm
0.19725941474522862,0.4543619909141453,0.34837859434062607,Place77,1,3,Cool
0.3836207304682237,0.43353132477029477,0.18284794476148164,Place77,2,1,Warm
0.19286285484699808,0.45013274811931714,0.3570043970336848,Place92,1,4,Very_Cool
0.2538800627602274,0.44837518480532323,0.29774475243444926,Place92,2,2,Neutral
0.22283690707855788,0.46139337665207336,0.3157697162693687,Place94,1,3,Cool
0.257578274875951,0.448251452058413,0.29417027306563615,Place94,2,2,Neutral
0.22559250589836405,0.4635292312210592,0.3108782628805766,Place96,1,3,Cool
0.2718996112841551,0.44897914609131656,0.27912124262452837,Place96,2,2,Neutral
0.20868957915591793,0.45390969653034047,0.33740072431374163,Place98,1,3,Cool
0.2688353990675345,0.44663207427410795,0.2845325266583576,Place98,2,2,Neutral
0.2212394946029287,0.46337922649131963,0.3153812789057516,Place100,1,3,Cool
0.26016215425818473,0.4485339161754068,0.2913039295664086,Place100,2,2,Neutral
0.22453637525796272,0.463945203813273,0.3115184209287643,Place102,1,3,Cool
0.2934919211277435,0.4494440067498862,0.2570640721223703,Place102,2,2,Neutral
0.2181956188336287,0.4632329754597488,0.3185714057066225,Place104,1,3,Cool
0.2721072023617538,0.44789774146531025,0.27999505617293596,Place104,2,2,Neutral
0.22170454519601718,0.4654406635200673,0.3128547912839156,Place106,1,3,Cool
0.27713945955925273,0.448263644730662,0.2745968957100853,Place106,2,2,Neutral
0.21517922151452,0.4599130190625976,0.32490775942288236,Place109,1,3,Cool
0.26467761221598757,0.45036851927231436,0.2849538685116982,Place109,2,2,Neutral
0.225517945838889,0.46575464816827183,0.3087274059928391,Place111,1,3,Cool
0.28510041675127396,0.44886013853031526,0.2660394447184109,Place111,2,2,Neutral
0.21778188073857266,0.4598849399545066,0.32233317930692085,Place113,1,3,Cool
0.2774288873969314,0.44811657322556364,0.27445453937750497,Place113,2,2,Neutral
0.22173792010516277,0.4626338398598266,0.3156282400350108,Place114,1,3,Cool
0.27556499548222524,0.449337055549201,0.27509794896857365,Place114,2,2,Neutral
0.2072730765526369,0.44964921346291786,0.34307770998444537,Place116,1,3,Cool
0.2948260668876674,0.4492968478795763,0.25587708523275643,Place116,2,2,Neutral
0.2278103384294602,0.46098551387426107,0.3112041476962787,Place117,1,3,Cool
0.28793328141326935,0.4451238841425949,0.2669428344441357,Place117,2,2,Neutral
0.21692694038058438,0.45756763567670844,0.32550542394270726,Place119,1,3,Cool
0.2727742394551309,0.44614090482863555,0.28108485571623354,Place119,2,2,Neutral
0.21354230456404966,0.4599679142341513,0.326489781201799,Place120,1,3,Cool
0.302618674452741,0.44976956243820543,0.2476117631090537,Place120,2,2,Neutral
0.21092767626691375,0.45900133823014977,0.33007098550293645,Place121,1,3,Cool
0.3315281976674409,0.4647433041753272,0.20372849815723193,Place121,2,1,Warm
0.20895161306014332,0.45972165440358576,0.3313267325362709,Place122,1,3,Cool
0.3305853673884934,0.46664519115948255,0.20276944145202397,Place122,2,1,Warm
0.21550522489144722,0.46482015262454585,0.31967462248400697,Place123,1,3,Cool
0.3244857599450372,0.4634853677827576,0.21202887227220504,Place123,2,2,Neutral
0.21309084431914166,0.46407658240010624,0.3228325732807521,Place124,1,3,Cool
0.32150858024188034,0.46489059276017475,0.21360082699794494,Place124,2,2,Neutral
0.21362883013442194,0.4662401485654015,0.32013102130017657,Place128,1,3,Cool
0.31027177484152424,0.4588363860726069,0.23089183908586886,Place128,2,2,Neutral
0.21342007369166113,0.46799858459718036,0.3185813417111585,Place129,1,3,Cool
0.30509493930960924,0.4609302707830933,0.23397478990729753,Place129,2,2,Neutral
0.1918015109883683,0.4599281779898259,0.34827031102180583,Place130,1,3,Cool
0.3005903877113421,0.46829823186661396,0.23111138042204388,Place130,2,2,Neutral
0.21775203640088842,0.4670391059487674,0.31520885765034407,Place131,1,3,Cool
0.3012590916082533,0.4729155506186348,0.22582535777311197,Place131,2,2,Neutral
0.2517058063818134,0.4720177971316325,0.2762763964865541,Place132,1,2,Neutral
0.22327994234004717,0.47261864025641176,0.30410141740354113,Place132,2,3,Cool
0.2507973296067945,0.470252876056384,0.27894979433682143,Place133,1,2,Neutral
0.22433509804837945,0.4722951331035689,0.30336976884805156,Place133,2,3,Cool
0.2557298368961878,0.4724114260556203,0.27185873704819197,Place134,1,2,Neutral
0.21510484204282657,0.463190520361063,0.3217046375961105,Place134,2,3,Cool
0.27414355182032174,0.475028834496667,0.25082761368301126,Place135,1,2,Neutral
0.21271847973829336,0.4589500348290184,0.32833148543268814,Place135,2,3,Cool
0.2748784626217352,0.472652621893527,0.25246891548473765,Place136,1,2,Neutral
0.21663103581447393,0.4614591162022048,0.3219098479833212,Place136,2,3,Cool
0.288192978457622,0.47224287577108304,0.2395641457712948,Place137,1,2,Neutral
0.2159026259575854,0.4632897283874638,0.3208076456549508,Place137,2,3,Cool
0.2935217538688994,0.4725550497394124,0.23392319639168807,Place138,1,2,Neutral
0.217084867614619,0.4683781078068429,0.31453702457853816,Place138,2,3,Cool
0.30150244186735065,0.47242653360801096,0.2260710245246384,Place139,1,2,Neutral
0.2184278715872681,0.4699082176903995,0.3116639107223324,Place139,2,3,Cool
0.23432553482401536,0.46481104402423906,0.30086342115174547,Place140,1,3,Cool
0.3088666245154639,0.4683111849933292,0.22282219049120686,Place140,2,2,Neutral
0.2554027547374066,0.4334040415177744,0.31119320374481907,Place141,1,3,Cool
0.30723640939725805,0.47121428188540765,0.22154930871733436,Place141,2,2,Neutral
0.2928945060196937,0.37431293617499106,0.33279255780531525,Place142,1,3,Cool
0.30965333263590117,0.4699707135356227,0.22037595382847602,Place142,2,2,Neutral
0.22944952771419966,0.47031564345923293,0.30023482882656743,Place143,1,3,Cool
0.3097344309227165,0.46729393281371046,0.22297163626357314,Place143,2,2,Neutral
0.23399474779021265,0.45969493694473207,0.30631031526505526,Place144,1,3,Cool
0.31308484130402797,0.4634638251564265,0.22345133353954547,Place144,2,2,Neutral
0.18921435361062536,0.45912093645213287,0.35166470993724164,Place150,1,4,Very_Cool
0.2328961249604192,0.470811979705236,0.2962918953343449,Place150,2,3,Cool
0.2389100459522047,0.44617201789569527,0.3149179361521001,Place155,1,3,Cool
0.20935862534424685,0.4329690636337057,0.35767231102204744,Place155,2,4,Very_Cool
0.19853831623916535,0.4426959944922061,0.3587656892686285,Place158,1,4,Very_Cool
0.25891017495185936,0.44463399518682906,0.2964558298613116,Place158,2,2,Neutral
0.19119033294834137,0.44300724835842215,0.3658024186932365,Place161,1,4,Very_Cool
0.37619653441559586,0.4482955159774543,0.17550794960694982,Place161,2,1,Warm
0.19509434218047816,0.4400473574925835,0.36485830032693845,Place163,1,4,Very_Cool
0.3774529007886991,0.4488237067668319,0.1737233924444689,Place163,2,1,Warm
0.19168077353455942,0.44279258600407423,0.3655266404613663,Place164,1,4,Very_Cool
0.20587337033659567,0.44346112144298366,0.35066550822042075,Place164,2,3,Cool
0.19099838141740946,0.4427623659259059,0.36623925265668467,Place165,1,4,Very_Cool
0.3733634557491327,0.44962642423442484,0.1770101200164425,Place165,2,1,Warm
0.19209380367026307,0.4418971706603111,0.3660090256694258,Place167,1,4,Very_Cool
0.3699057237188478,0.4518150152684997,0.17827926101265243,Place167,2,1,Warm
0.19699914298328386,0.4414133850428941,0.36158747197382207,Place168,1,4,Very_Cool
0.20527354258835884,0.4436716457920161,0.3510548116196251,Place168,2,3,Cool
0.19637695657541301,0.44107605794485616,0.3625469854797308,Place169,1,4,Very_Cool
0.3740620716211012,0.4510462841740469,0.17489164420485173,Place169,2,1,Warm
0.18942778050183584,0.43720198912006925,0.373370230378095,Place170,1,4,Very_Cool
0.20317139861174507,0.44358317395299834,0.35324542743525644,Place170,2,3,Cool
0.2482507207957866,0.4528896915485086,0.29885958765570475,Place172,1,3,Cool
0.4175877425411175,0.44926002348741406,0.13315223397146847,Place172,2,0,Very_Warm
0.19945599656418883,0.4444152824668912,0.35612872096891995,Place176,1,4,Very_Cool
0.3682143107425838,0.4514428301203365,0.1803428591370798,Place176,2,1,Warm
0.1936166164566008,0.44375808268367084,0.3626253008597284,Place179,1,4,Very_Cool
0.3725203852207953,0.4512809739303423,0.1761986408488624,Place179,2,1,Warm
0.19983850299406866,0.4464524459475706,0.35370905105836076,Place181,1,4,Very_Cool
0.3743456074090432,0.4514935885690561,0.17416080402190057,Place181,2,1,Warm
0.1994761008475897,0.43068706316761174,0.3698368359847985,Place187,1,4,Very_Cool
0.21407720251954257,0.45985696062509535,0.32606583685536206,Place187,2,3,Cool
0.16772372818418121,0.4333294431771966,0.3989468286386222,Place190,1,4,Very_Cool
0.22542296534428932,0.45272198469644087,0.3218550499592697,Place190,2,3,Cool
0.1774870336459287,0.45616836727720395,0.36634459907686745,Place199,1,4,Very_Cool
0.21226965954665108,0.44893877022196305,0.33879157023138573,Place199,2,3,Cool
0.16053318416324033,0.4352601301875062,0.4042066856492534,Place202,1,4,Very_Cool
0.2287231233352913,0.4584825544105574,0.31279432225415127,Place202,2,3,Cool
0.16112424882535548,0.43822676285244866,0.40064898832219575,Place203,1,4,Very_Cool
0.22447560726507437,0.4572431155830335,0.31828127715189225,Place203,2,3,Cool
0.1690949217159566,0.445239725604866,0.38566535267917723,Place213,1,4,Very_Cool
0.22621862816802346,0.45432656019155654,0.3194548116404201,Place213,2,3,Cool
0.17339118709633647,0.4453588218626829,0.38124999104098073,Place216,1,4,Very_Cool
0.22451323749458932,0.44855666261383637,0.3269300998915743,Place216,2,3,Cool
0.16955580007878102,0.4353951006938484,0.3950490992273706,Place218,1,4,Very_Cool
0.22727940460969873,0.4546752783706642,0.31804531701963706,Place218,2,3,Cool
0.18650394359002148,0.44287793060210384,0.37061812580787484,Place221,1,4,Very_Cool
0.22622408227003304,0.44996340381176175,0.3238125139182051,Place221,2,3,Cool
0.20088371004049926,0.45066349419378615,0.34845279576571464,Place227,1,3,Cool
0.11307513660445881,0.5624762406969642,0.324448622698577,Place227,2,4,Very_Cool
0.2218925425169367,0.4592302029726696,0.31887725451039356,Place232,1,3,Cool
0.7686256360966155,0.17980699865680003,0.05156736524658443,Place232,2,0,Very_Warm
0.3674042153622469,0.42323067475050274,0.2093651098872503,Place236,1,1,Warm
0.2237287454825103,0.435966345263869,0.3403049092536206,Place236,2,3,Cool
0.36499863974970154,0.4267728827680892,0.2082284774822092,Place238,1,1,Warm
0.04336019877217584,0.35113117611020755,0.6055086251176166,Place238,2,4,Very_Cool
0.35623513168640103,0.43270842033191903,0.21105644798167994,Place240,1,1,Warm
0.7682548451309508,0.17921311225266884,0.05253204261638046,Place240,2,0,Very_Warm
0.3624541977129994,0.4327575888246242,0.20478821346237636,Place246,1,1,Warm
0.22205322519610043,0.43643356812966455,0.341513206674235,Place246,2,3,Cool
0.31491387610998184,0.42858900487551393,0.2564971190145043,Place248,1,2,Neutral
0.22151831154295903,0.43581828548124746,0.34266340297579356,Place248,2,3,Cool
0.33276196680803244,0.425900157037946,0.24133787615402158,Place249,1,2,Neutral
0.22258754039501968,0.43546599417731785,0.34194646542766244,Place249,2,3,Cool
0.27191331393011703,0.42743366554361134,0.30065302052627174,Place251,1,2,Neutral
0.7114573896904484,0.20814147462383176,0.08040113568571998,Place251,2,0,Very_Warm
0.3600501623657782,0.43289527349916557,0.2070545641350563,Place252,1,1,Warm
0.7800018798364637,0.17047492589198002,0.049523194271556215,Place252,2,0,Very_Warm
0.3602788216989535,0.43253894538730425,0.20718223291374227,Place253,1,1,Warm
0.04765313529341157,0.347613869105386,0.6047329956012024,Place253,2,4,Very_Cool
0.2687872431755117,0.4285079881837532,0.30270476864073503,Place255,1,2,Neutral
0.046311392467138834,0.3478236445193946,0.6058649630134665,Place255,2,4,Very_Cool
0.26877105886806524,0.42950736869864437,0.3017215724332904,Place256,1,2,Neutral
0.09285762877032905,0.5782536508753774,0.3288887203542936,Place256,2,4,Very_Cool
0.3481813859643728,0.43218832122658585,0.2196302928090414,Place258,1,1,Warm
0.09096980227909122,0.5861241187181181,0.3229060790027906,Place258,2,4,Very_Cool
0.24303922500721464,0.4442414431666068,0.31271933182617856,Place260,1,3,Cool
0.05068123442755367,0.34513455875753785,0.6041842068149086,Place260,2,4,Very_Cool
0.22620171697109806,0.4427914741462751,0.331006808882627,Place261,1,3,Cool
0.049724342984612306,0.3465175886047623,0.6037580684106254,Place261,2,4,Very_Cool
0.22304085623629552,0.44899021882917733,0.3279689249345272,Place265,1,3,Cool
0.7678920212705903,0.1694421550585393,0.06266582367087035,Place265,2,0,Very_Warm
0.22136375762479163,0.4499139793457907,0.32872226302941765,Place266,1,3,Cool
0.7179175723479522,0.20340891332452515,0.07867351432752279,Place266,2,0,Very_Warm
0.2262973353040965,0.4497464964609096,0.3239561682349939,Place268,1,3,Cool
0.03448269858390332,0.34753782685264745,0.6179794745634494,Place268,2,4,Very_Cool
0.22538582521751716,0.44710984061113374,0.32750433417134917,Place271,1,3,Cool
0.09404082484297682,0.5855352540467998,0.3204239211102233,Place271,2,4,Very_Cool
0.2905423282833621,0.4456275898261969,0.263830081890441,Place272,1,2,Neutral
0.2243310092959846,0.43966437696479577,0.3360046137392195,Place272,2,3,Cool
0.3100775773424616,0.44766609655897044,0.2422563260985681,Place281,1,2,Neutral
0.11406917759004308,0.5581725225981544,0.32775829981180254,Place281,2,4,Very_Cool
0.29354148261472274,0.4485304574543731,0.25792805993090423,Place282,1,2,Neutral
0.21965604804831668,0.4362932894736907,0.34405066247799265,Place282,2,3,Cool
0.28431015151214006,0.4473518988999323,0.26833794958792767,Place283,1,2,Neutral
0.8249416765136117,0.15281051038683827,0.02224781309954999,Place283,2,0,Very_Warm
0.3208511133587107,0.4485306922852078,0.2306181943560815,Place285,1,2,Neutral
0.229166950433087,0.4368727275714805,0.3339603219954325,Place285,2,3,Cool
0.3218693386188106,0.44907311419160123,0.22905754718958807,Place286,1,2,Neutral
0.7389024109251295,0.17188411933336686,0.08921346974150364,Place286,2,0,Very_Warm
0.317310356433534,0.44700138657231187,0.23568825699415413,Place287,1,2,Neutral
0.11892825460304324,0.5558280970536836,0.3252436483432733,Place287,2,3,Cool
0.26666730456333493,0.4548151108642942,0.2785175845723709,Place288,1,2,Neutral
0.22314900065696575,0.436379537747676,0.3404714615953583,Place288,2,3,Cool
0.25463139615426,0.4538010055563149,0.291567598289425,Place289,1,2,Neutral
0.22510144399793136,0.43708025729590216,0.3378182987061665,Place289,2,3,Cool
0.25623084297013304,0.45451561564016646,0.28925354138970066,Place292,1,2,Neutral
0.11795845750383376,0.5475806759284823,0.3344608665676839,Place292,2,4,Very_Cool
0.25645156069188707,0.4535371497913221,0.2900112895167908,Place293,1,2,Neutral
0.22284887110780818,0.43561320911445495,0.3415379197777369,Place293,2,3,Cool
0.2566662189438111,0.45367541116773613,0.28965836988845284,Place296,1,2,Neutral
0.10987099799628419,0.5688953944743801,0.3212336075293358,Place296,2,3,Cool
0.26256715009908516,0.43772547703333803,0.29970737286757687,Place297,1,2,Neutral
0.22014223789060747,0.4346762791545756,0.34518148295481693,Place297,2,3,Cool
0.24225050332150833,0.43729219421103177,0.32045730246745985,Place300,1,3,Cool
0.7769594211787454,0.17258213741807046,0.05045844140318413,Place300,2,0,Very_Warm
0.23406655512828037,0.4380572272410891,0.32787621763063046,Place303,1,3,Cool
0.7164034127781569,0.2004953435793096,0.08310124364253352,Place303,2,0,Very_Warm
0.2521410537993383,0.44184160114216897,0.3060173450584927,Place304,1,3,Cool
0.7667684443968731,0.18035846291841692,0.052873092684709994,Place304,2,0,Very_Warm
0.2455774733069973,0.4402872295316267,0.3141352971613761,Place305,1,3,Cool
0.7778521092421933,0.1721160976279092,0.05003179312989761,Place305,2,0,Very_Warm
0.2141945155571063,0.4372908036790153,0.3485146807638785,Place311,1,3,Cool
0.12492972134779329,0.545656798561248,0.3294134800909586,Place311,2,4,Very_Cool
0.24607679036370103,0.4411027634773383,0.31282044615896065,Place315,1,3,Cool
0.034494612906191546,0.34729570320259484,0.6182096838912137,Place315,2,4,Very_Cool
0.21009105869221836,0.4605733874902661,0.3293355538175156,Place319,1,3,Cool
0.8143302264801993,0.14396942536999002,0.04170034814981073,Place319,2,0,Very_Warm
0.20759589199953282,0.4589208146825609,0.33348329331790616,Place321,1,3,Cool
0.09500181821490908,0.585181851824228,0.3198163299608629,Place321,2,4,Very_Cool
0.21634503054471185,0.4556891658812813,0.32796580357400695,Place330,1,3,Cool
0.734494278358953,0.1789668308507314,0.08653889079031561,Place330,2,0,Very_Warm
0.21103045864593784,0.4619503350549587,0.3270192062991034,Place342,1,3,Cool
0.41580890465734643,0.3473509669483183,0.23684012839433524,Place342,2,1,Warm
0.21150786088244544,0.46326914167871325,0.3252229974388413,Place343,1,3,Cool
0.3130364089339569,0.39367891953319634,0.2932846715328467,Place343,2,2,Neutral
0.2214125556099576,0.46189805643940546,0.31668938795063695,Place357,1,3,Cool
0.809064234682972,0.1453258925390646,0.045609872777963356,Place357,2,0,Very_Warm
0.22070356991766737,0.463317950382287,0.31597847970004567,Place359,1,3,Cool
0.10948758394980271,0.5560465873718254,0.3344658286783719,Place359,2,4,Very_Cool
0.26246203193579903,0.44475662529796745,0.2927813427662336,Place361,1,2,Neutral
0.23312490019039073,0.4309168255743437,0.33595827423526564,Place361,2,3,Cool
0.2186564969209637,0.45618858786831606,0.32515491521072015,Place367,1,3,Cool
0.10121384625568235,0.576360679610782,0.3224254741335356,Place367,2,4,Very_Cool
0.2213384924047005,0.45530929064036907,0.32335221695493044,Place372,1,3,Cool
0.7906042770707563,0.16131211053219555,0.048083612397048114,Place372,2,0,Very_Warm
0.2502294886554664,0.455375281448351,0.29439522989618244,Place373,1,2,Neutral
0.04710563217295414,0.3512232311818442,0.6016711366452017,Place373,2,4,Very_Cool
0.2241889324100627,0.4573058117420571,0.31850525584788014,Place374,1,3,Cool
0.0470012975341671,0.35355789640371776,0.5994408060621151,Place374,2,4,Very_Cool
0.2507423426073238,0.4544490420738799,0.29480861531879615,Place377,1,2,Neutral
0.10133124992637521,0.5807393029377329,0.3179294471358917,Place377,2,3,Cool
0.22883856113160836,0.45511048624295025,0.31605095262544125,Place384,1,3,Cool
0.09761461430921879,0.5795050356386129,0.3228803500521683,Place384,2,4,Very_Cool
0.25295894915857897,0.4522068177498375,0.2948342330915834,Place389,1,2,Neutral
0.04913192941281298,0.35416101010321777,0.5967070604839693,Place389,2,4,Very_Cool
0.24380838392589982,0.4686800047187611,0.28751161135533915,Place408,1,2,Neutral
0.21483161818373045,0.4514533298536536,0.33371505196261597,Place408,2,3,Cool
0.23107492491953058,0.4683603973076442,0.3005646777728253,Place409,1,3,Cool
0.6844213873764512,0.2222553153677516,0.09332329725579727,Place409,2,0,Very_Warm
0.2096896130050815,0.46181241400243506,0.3284979729924836,Place413,1,3,Cool
0.6526928774672649,0.24524759546174768,0.1020595270709874,Place413,2,0,Very_Warm
0.18876566728716393,0.45918020191824754,0.3520541307945885,Place416,1,4,Very_Cool
0.2141972400376911,0.44997615808991154,0.3358266018723973,Place416,2,3,Cool
0.19440690432580368,0.4280450932201677,0.37754800245402853,Place427,1,4,Very_Cool
0.6588022919605987,0.23304533367036107,0.10815237436904021,Place427,2,0,Very_Warm
0.24508313828008632,0.46087354904268296,0.29404331267723066,Place432,1,2,Neutral
0.21491494554497287,0.44871324057589,0.33637181387913706,Place432,2,3,Cool
0.2435689400520495,0.46217307450650436,0.29425798544144616,Place433,1,2,Neutral
0.21406158982298087,0.44795037963739637,0.3379880305396228,Place433,2,3,Cool
0.24342890725027894,0.46327258842079694,0.2932985043289241,Place440,1,2,Neutral
0.062486787370097024,0.35908484369331495,0.578428368936588,Place440,2,4,Very_Cool
0.1669301732003954,0.443632096242244,0.38943773055736064,Place443,1,4,Very_Cool
0.7502911564250815,0.18488949838399568,0.0648193451909228,Place443,2,0,Very_Warm
0.16795234403435663,0.445426975389855,0.38662068057578847,Place444,1,4,Very_Cool
0.7323859115212262,0.1933152318065696,0.07429885667220415,Place444,2,0,Very_Warm
0.207811131315206,0.46025626310161716,0.3319326055831768,Place454,1,3,Cool
0.5385159206224862,0.2935091249816615,0.1679749543958523,Place454,2,0,Very_Warm
0.18158574816526785,0.45591482873224964,0.36249942310248257,Place455,1,4,Very_Cool
0.6462513271911497,0.24802205706065691,0.1057266157481933,Place455,2,0,Very_Warm
0.18310897267002024,0.4562352807649746,0.36065574656500515,Place456,1,4,Very_Cool
0.7109880015746864,0.21352784893661128,0.0754841494887024,Place456,2,0,Very_Warm
0.2658492083876502,0.4546270674724135,0.2795237241399363,Place460,1,2,Neutral
0.105438665381746,0.5777438387322483,0.3168174958860056,Place460,2,3,Cool
0.2612047477707176,0.4543589184294743,0.28443633379980815,Place462,1,2,Neutral
0.7649104788957918,0.17895933104418446,0.0561301900600238,Place462,2,0,Very_Warm
0.26120621889886847,0.45426495999778377,0.2845288211033478,Place463,1,2,Neutral
0.04628324808553201,0.35254947684538884,0.6011672750690792,Place463,2,4,Very_Cool
0.29301959437815744,0.45271775427783023,0.25426265134401227,Place466,1,2,Neutral
0.7848485129039888,0.1717312462282882,0.04342024086772307,Place466,2,0,Very_Warm
0.2865371789856627,0.4531956667942569,0.2602671542200805,Place468,1,2,Neutral
0.046374478013906484,0.34961569004968374,0.6040098319364098,Place468,2,4,Very_Cool
0.2818003841436605,0.45349408742739455,0.264705528428945,Place469,1,2,Neutral
0.09782440871465706,0.5856194517812762,0.31655613950406686,Place469,2,3,Cool
0.2921450649164905,0.4518459882085591,0.2560089468749503,Place470,1,2,Neutral
0.10173735757565862,0.5785606850654187,0.31970195735892254,Place470,2,3,Cool
0.29394219225163876,0.4518926837202235,0.25416512402813773,Place471,1,2,Neutral
0.09716575946145486,0.5848389271285694,0.3179953134099757,Place471,2,3,Cool
0.2878699278706229,0.4459200087680666,0.26621006336131053,Place473,1,2,Neutral
0.17451576974525296,0.19041652867638487,0.6350677015783621,Place473,2,4,Very_Cool
0.2886156132790444,0.4480600426824746,0.26332434403848093,Place479,1,2,Neutral
0.07678597849504364,0.3645158667671728,0.5586981547377834,Place479,2,4,Very_Cool
0.2839995958504564,0.44911702260007,0.2668833815494736,Place481,1,2,Neutral
0.49718493546554915,0.31118247367903834,0.19163259085541254,Place481,2,0,Very_Warm
0.2835447186109504,0.4496903892663728,0.26676489212267684,Place485,1,2,Neutral
0.05140090337449667,0.3511835311392636,0.5974155654862396,Place485,2,4,Very_Cool
0.24948714518132745,0.4496698328140999,0.3008430220045727,Place488,1,3,Cool
0.0536379961393891,0.35239959910367585,0.593962404756935,Place488,2,4,Very_Cool
0.24925350817847114,0.4498237583513079,0.30092273347022097,Place489,1,3,Cool
0.058642413285493175,0.3565552556427239,0.584802331071783,Place489,2,4,Very_Cool
0.2814414142014717,0.45093746181239536,0.26762112398613314,Place491,1,2,Neutral
0.6023381452484654,0.26107755598915267,0.13658429876238187,Place491,2,0,Very_Warm
0.2453267299560446,0.45044789355065384,0.30422537649330156,Place498,1,3,Cool
0.5958069806775665,0.267324073599508,0.13686894572292554,Place498,2,0,Very_Warm
0.27017699013403473,0.4492804392019939,0.2805425706639714,Place501,1,2,Neutral
0.13479243753645048,0.5264382995396747,0.3387692629238749,Place501,2,4,Very_Cool
0.24965559541832377,0.4588407839002941,0.29150362068138214,Place504,1,2,Neutral
0.2173377246321235,0.43668540262838085,0.3459768727394956,Place504,2,3,Cool
0.24087289388273345,0.4591405508251501,0.2999865552921165,Place505,1,3,Cool
0.5835840667223081,0.2864182203226218,0.12999771295506996,Place505,2,0,Very_Warm
0.22928440016842036,0.458329029488081,0.31238657034349876,Place515,1,3,Cool
0.10252183752989248,0.5734192527021679,0.32405890976793966,Place515,2,4,Very_Cool
0.2192747259784756,0.4552361260776742,0.32548914794385014,Place521,1,3,Cool
0.7783184875845929,0.1715926407683784,0.050088871647028695,Place521,2,0,Very_Warm
0.23416171140786302,0.4586751290206415,0.3071631595714954,Place524,1,3,Cool
0.7484766450199515,0.18200453798607308,0.06951881699397543,Place524,2,0,Very_Warm
0.2236838238021582,0.45839638048378456,0.31791979571405726,Place527,1,3,Cool
0.05185843781997302,0.3524557939532034,0.5956857682268235,Place527,2,4,Very_Cool
0.23519258711087368,0.4578772240238457,0.30693018886528056,Place531,1,3,Cool
0.7008040598431424,0.17753245897317604,0.12166348118368155,Place531,2,0,Very_Warm
0.22852245740836347,0.45997728446050595,0.3115002581311306,Place532,1,3,Cool
0.6931260229132569,0.20450299088973536,0.10237098619700766,Place532,2,0,Very_Warm
0.2274098916135964,0.46076098203944366,0.3118291263469599,Place540,1,3,Cool
0.09478386863076552,0.38660773314436603,0.5186083982248685,Place540,2,4,Very_Cool
0.24996428933173,0.46011385282472106,0.2899218578435489,Place542,1,2,Neutral
0.7608645045350808,0.1793211629126336,0.0598143325522856,Place542,2,0,Very_Warm
0.25095271016533316,0.4609438013416632,0.2881034884930036,Place543,1,2,Neutral
0.7327893033160324,0.19538010783272336,0.0718305888512442,Place543,2,0,Very_Warm
0.2547966932419119,0.4598046576398947,0.2853986491181933,Place546,1,2,Neutral
0.047094003689206396,0.3552668799197908,0.5976391163910028,Place546,2,4,Very_Cool
0.25000811307627846,0.4606289078910224,0.289362979032699,Place547,1,2,Neutral
0.046011332143573225,0.3510930263417098,0.6028956415147171,Place547,2,4,Very_Cool
0.24916000039968678,0.4604586195344806,0.2903813800658326,Place548,1,2,Neutral
0.04476483164083379,0.35209914484233035,0.6031360235168359,Place548,2,4,Very_Cool
0.25036932069790097,0.45980338322557784,0.2898272960765211,Place549,1,2,Neutral
0.10092772789597063,0.5827524437171038,0.3163198283869256,Place549,2,3,Cool
0.2610886628112638,0.4478267373063792,0.29108459988235696,Place553,1,2,Neutral
0.12605878304315685,0.5485829360931963,0.32535828086364676,Place553,2,3,Cool
0.26477481659259205,0.4474645123226331,0.2877606710847749,Place554,1,2,Neutral
0.12236112026979924,0.556383500963494,0.3212553787667068,Place554,2,3,Cool
0.2469426748758831,0.4588163810642324,0.2942409440598846,Place559,1,2,Neutral
0.11435157101082521,0.5571647417698532,0.3284836872193214,Place559,2,4,Very_Cool
0.24665738517153493,0.4615903796852402,0.2917522351432249,Place560,1,2,Neutral
0.11653569576927017,0.5621017263651289,0.32136257786560085,Place560,2,3,Cool
0.2448969155492537,0.461035842093196,0.2940672423575503,Place561,1,2,Neutral
0.11394054257401225,0.5639398282848966,0.32211962914109116,Place561,2,3,Cool
0.24493608838827538,0.460276814562267,0.29478709704945755,Place562,1,2,Neutral
0.11164124593120903,0.5655062756449921,0.3228524784237987,Place562,2,3,Cool
0.246650804104438,0.4592020564678889,0.29414713942767307,Place564,1,2,Neutral
0.04561385040646275,0.35304887898318066,0.6013372706103566,Place564,2,4,Very_Cool
0.24780936215958116,0.4568274906539526,0.29536314718646633,Place565,1,2,Neutral
0.10824537449961745,0.5696857999146127,0.32206882558576994,Place565,2,3,Cool
0.24751376666358735,0.4573464379385551,0.2951397953978576,Place567,1,2,Neutral
0.09599451333502948,0.5888817601575204,0.3151237265074501,Place567,2,3,Cool
0.24892453547106544,0.45876035275767973,0.29231511177125485,Place568,1,2,Neutral
0.10813451170806115,0.5752867339690968,0.3165787543228421,Place568,2,3,Cool
0.1955980448621157,0.4436369455597862,0.36076500957809804,Place571,1,4,Very_Cool
0.7717925518925519,0.18007216117216118,0.04813528693528694,Place571,2,0,Very_Warm
0.20505726223312268,0.45149747431124915,0.34344526345562815,Place574,1,3,Cool
0.7707700453775772,0.1745889181848246,0.05464103643759815,Place574,2,0,Very_Warm
0.2058537214138814,0.4527567916981698,0.34138948688794873,Place575,1,3,Cool
0.7742633817726199,0.1711492004248378,0.054587417802542317,Place575,2,0,Very_Warm
0.20592403439276816,0.4531682158132877,0.34090774979394417,Place576,1,3,Cool
0.7709292877905182,0.17794247301338773,0.051128239196094064,Place576,2,0,Very_Warm
0.20654520876445948,0.4544320320265003,0.33902275920904024,Place578,1,3,Cool
0.045522156460548815,0.3492312127795152,0.605246630759936,Place578,2,4,Very_Cool
0.20797522712555513,0.4552436558283131,0.3367811170461316,Place584,1,3,Cool
0.7642378653915554,0.18111579754601229,0.05464633706243234,Place584,2,0,Very_Warm
0.2075677734496073,0.45503119652625834,0.3374010300241343,Place587,1,3,Cool
0.0463837186405946,0.3560719685212812,0.5975443128381243,Place587,2,4,Very_Cool
0.20788786217449387,0.4507170483480733,0.34139508947743274,Place589,1,3,Cool
0.7649487012061034,0.16786751626775945,0.06718378252613724,Place589,2,0,Very_Warm
0.21053594659616792,0.451643513213719,0.33782054019011304,Place590,1,3,Cool
0.7311530856710923,0.19610057951085352,0.07274633481805409,Place590,2,0,Very_Warm
0.2124754151050774,0.4532481548428189,0.3342764300521038,Place594,1,3,Cool
0.1192916163287488,0.5508305596981128,0.32987782397313836,Place594,2,4,Very_Cool
0.20460576620635976,0.4545418487450861,0.3408523850485542,Place596,1,3,Cool
0.7661861722641153,0.18151057265469223,0.05230325508119241,Place596,2,0,Very_Warm
0.20540226851123006,0.4547338609803064,0.3398638705084635,Place603,1,3,Cool
0.11441821590997936,0.5590471222046295,0.3265346618853911,Place603,2,4,Very_Cool
0.21523064345968898,0.4577770469340955,0.3269923096062154,Place606,1,3,Cool
0.043386541911596306,0.3544766060386289,0.6021368520497749,Place606,2,4,Very_Cool
0.22445341410673683,0.45992005327923674,0.31562653261402657,Place615,1,3,Cool
0.8331592030004471,0.11460864690306694,0.05223215009648596,Place615,2,0,Very_Warm
0.2253509319262124,0.4599577377822892,0.3146913302914985,Place616,1,3,Cool
0.7661340820490031,0.16513682047848932,0.0687290974725075,Place616,2,0,Very_Warm
0.22521996929130583,0.46189432995413887,0.31288570075455535,Place619,1,3,Cool
0.05089089264990682,0.3546705814445872,0.5944385259055059,Place619,2,4,Very_Cool
0.2326057298772169,0.4581563834000792,0.3092378867227039,Place624,1,3,Cool
0.7819842490239635,0.16470355658090657,0.05331219439513,Place624,2,0,Very_Warm
0.22912637700221483,0.4599943010052124,0.31087932199257273,Place628,1,3,Cool
0.7646668505659323,0.18313581844898652,0.052197330985081176,Place628,2,0,Very_Warm
0.23273997549421777,0.4651384769737211,0.30212154753206116,Place631,1,3,Cool
0.048334672281476726,0.35839965472841684,0.5932656729901065,Place631,2,4,Very_Cool
0.23250921510361264,0.4622062512767308,0.30528453361965646,Place632,1,3,Cool
0.0475493124283406,0.35759694704043465,0.5948537405312249,Place632,2,4,Very_Cool
0.23046211619602228,0.45904971201715433,0.3104881717868235,Place634,1,3,Cool
0.1067936085170036,0.5704260553463483,0.3227803361366481,Place634,2,4,Very_Cool
0.23654338787811996,0.4667880572075397,0.29666855491434047,Place637,1,3,Cool
0.045888049754439456,0.3512792239971962,0.6028327262483644,Place637,2,4,Very_Cool
0.23981369964095647,0.46702176439872184,0.29316453596032166,Place640,1,2,Neutral
0.11995882847022382,0.5463168959329936,0.3337242755967826,Place640,2,4,Very_Cool
0.2159189368185199,0.4535832376957433,0.3304978254857367,Place642,1,3,Cool
0.7352055186183867,0.18782510895543372,0.07696937242617964,Place642,2,0,Very_Warm
0.2286011665699643,0.459258133908268,0.3121406995217677,Place647,1,3,Cool
0.04730345608009911,0.35613399894457914,0.5965625449753218,Place647,2,4,Very_Cool
0.21602521693970161,0.4539179357687205,0.3300568472915779,Place650,1,3,Cool
0.11891164905238588,0.554959974624704,0.32612837632291014,Place650,2,4,Very_Cool
0.22253617949073362,0.44637137409012745,0.3310924464191389,Place653,1,3,Cool
0.6349322917342066,0.22744599138810648,0.13762171687768696,Place653,2,0,Very_Warm
0.21896412456627024,0.4472099063279101,0.33382596910581974,Place656,1,3,Cool
0.3651167683168618,0.5114754783447806,0.12340775333835766,Place656,2,1,Warm
0.2197671460098475,0.44667038668132836,0.3335624673088242,Place657,1,3,Cool
0.36678606066024794,0.5118303112866227,0.12138362805312944,Place657,2,1,Warm
0.22006214158875825,0.4450545035061114,0.3348833549051304,Place658,1,3,Cool
0.3608356162000465,0.51190412391801,0.12726025988194362,Place658,2,1,Warm
0.22229304532591854,0.44412968347958853,0.333577271194493,Place667,1,3,Cool
0.6397797000687174,0.22509761914386192,0.13512268078742068,Place667,2,0,Very_Warm
0.22293466122287242,0.4436202728923583,0.33344506588476913,Place669,1,3,Cool
0.36408385923628195,0.5112293649944736,0.12468677576924449,Place669,2,1,Warm
0.22310305964519755,0.44363271990647757,0.3332642204483248,Place670,1,3,Cool
0.3629253170813067,0.5114008207221176,0.12567386219657567,Place670,2,1,Warm
0.22251853429240612,0.4435845019470075,0.33389696376058636,Place671,1,3,Cool
0.36287083412510973,0.5096231936187348,0.12750597225615548,Place671,2,1,Warm
0.22391904513029764,0.444448974650909,0.33163198021879337,Place678,1,3,Cool
0.6416478019243482,0.2228632391762879,0.13548895889936394,Place678,2,0,Very_Warm
0.2234072887117526,0.4442738430664361,0.3323188682218113,Place679,1,3,Cool
0.6945449935732398,0.1984633553940158,0.10699165103274436,Place679,2,0,Very_Warm
0.22156292110200582,0.44457008104500995,0.33386699785298424,Place680,1,3,Cool
0.6319251906650856,0.22678039354959095,0.14129441578532345,Place680,2,0,Very_Warm
0.2287346418983255,0.4465227927822954,0.32474256531937906,Place681,1,3,Cool
0.6237898575631663,0.23193528566328747,0.14427485677354626,Place681,2,0,Very_Warm
0.23274722061472022,0.44556899066792216,0.3216837887173576,Place682,1,3,Cool
0.36002371971818903,0.5117783408956639,0.12819793938614718,Place682,2,1,Warm
0.22024669865615126,0.44534205293374085,0.334411248410108,Place683,1,3,Cool
0.35806701297024546,0.5138371444041462,0.12809584262560844,Place683,2,1,Warm
0.22347651753370706,0.44420742175555195,0.33231606071074105,Place684,1,3,Cool
0.3614467853866681,0.5098890431809154,0.12866417143241646,Place684,2,1,Warm
0.22240178271338923,0.444523481754659,0.3330747355319518,Place685,1,3,Cool
0.36835960589671707,0.5123044744633934,0.11933591963988956,Place685,2,1,Warm
0.2190603256565383,0.44528944627066713,0.3356502280727946,Place690,1,3,Cool
0.10285307780677365,0.42980397856815833,0.4673429436250679,Place690,2,4,Very_Cool
0.22547322147822252,0.44737487986450053,0.32715189865727695,Place694,1,3,Cool
0.35968370816665884,0.5114817245052626,0.12883456732807866,Place694,2,1,Warm
0.22345267468745375,0.4472295410489132,0.329317784263633,Place695,1,3,Cool
0.09817321819982236,0.42702823709034854,0.4747985447098291,Place695,2,4,Very_Cool
0.22899960832303928,0.4489672484981977,0.3220331431787631,Place701,1,3,Cool
0.6204636091724826,0.22449318710535066,0.15504320372216684,Place701,2,0,Very_Warm
0.2739266408434161,0.3650384823493483,0.3610348768072355,Place706,1,3,Cool
0.6747184971425338,0.3252815028574662,0.0,Place706,2,0,Very_Warm
0.23399685704403606,0.4513616725676631,0.31464147038830104,Place712,1,3,Cool
0.00014369536582445216,0.9052927793078673,0.09456352532630823,Place712,2,2,Neutral
0.2147451284998345,0.4429650765352553,0.34228979496491035,Place715,1,3,Cool
0.6194237529710124,0.234099857869152,0.14647638915983546,Place715,2,0,Very_Warm
0.21549831525811294,0.44386032892651683,0.34064135581537025,Place716,1,3,Cool
0.611271760051489,0.2403694518922513,0.14835878805625966,Place716,2,0,Very_Warm
0.21370881181936938,0.44436396224149927,0.34192722593913133,Place717,1,3,Cool
0.36391887713177296,0.512721955089706,0.12335916777852106,Place717,2,1,Warm
0.2153244275620026,0.4448073744545427,0.33986819798345463,Place718,1,3,Cool
0.362168221617505,0.5134909091464075,0.12434086923608748,Place718,2,1,Warm
0.20954398261101007,0.44095022441959403,0.3495057929693958,Place726,1,3,Cool
0.641608933926171,0.2266372648913292,0.13175380118249974,Place726,2,0,Very_Warm
0.21144826492215754,0.44225762218605624,0.34629411289178624,Place728,1,3,Cool
0.3595357401317296,0.5136971984347011,0.1267670614335693,Place728,2,1,Warm
0.2108929034708448,0.4422895328867832,0.34681756364237215,Place729,1,3,Cool
0.09816193474977135,0.42790514663945156,0.47393291861077724,Place729,2,4,Very_Cool
0.2204069044640733,0.44408013383778305,0.3355129616981436,Place738,1,3,Cool
0.35241960314829257,0.5004667744166303,0.14711362243507703,Place738,2,1,Warm
0.2194602092321984,0.44366452088148955,0.3368752698863121,Place744,1,3,Cool
0.11264141336239138,0.4284603047446557,0.45889828189295295,Place744,2,4,Very_Cool
0.183680673882108,0.44304698325537467,0.37327234286251726,Place751,1,4,Very_Cool
0.3636944121211553,0.5078077028033802,0.12849788507546453,Place751,2,1,Warm
0.18332238221863986,0.4431198380571188,0.37355777972424137,Place752,1,4,Very_Cool
0.3656875852359823,0.5086792286604036,0.12563318610361404,Place752,2,1,Warm
0.1837263393966017,0.4435846794684256,0.3726889811349728,Place753,1,4,Very_Cool
0.36168076817885286,0.5095857578742251,0.1287334739469221,Place753,2,1,Warm
0.225311041576583,0.4494675922474444,0.32522136617597247,Place760,1,3,Cool
0.6068726495635195,0.24293301863932323,0.15019433179715733,Place760,2,0,Very_Warm
0.2254476801612697,0.4512944951137246,0.3232578247250058,Place761,1,3,Cool
0.611687229176149,0.24043055446039777,0.14788221636345325,Place761,2,0,Very_Warm
0.2023630599494566,0.44686390194289694,0.3507730381076466,Place765,1,3,Cool
0.35457354258739204,0.5074931674961037,0.13793328991650416,Place765,2,1,Warm
0.2025495132145589,0.4479489646564609,0.34950152212898017,Place775,1,3,Cool
0.5672282415493284,0.26578772469435386,0.1669840337563177,Place775,2,0,Very_Warm
0.23649029302102695,0.4499550007597275,0.3135547062192457,Place786,1,3,Cool
0.6146012987252116,0.2398099785796267,0.14558872269516168,Place786,2,0,Very_Warm
0.23813322515654284,0.4516615184485998,0.31020525639485735,Place787,1,3,Cool
0.3687034570471548,0.5027433327118354,0.12855321024100974,Place787,2,1,Warm
0.2394341694012346,0.45267447743256567,0.30789135316619975,Place788,1,3,Cool
0.3714480229003051,0.5057282858112734,0.12282369128842158,Place788,2,1,Warm
0.2164852117115262,0.45163752934058515,0.33187725894788855,Place790,1,3,Cool
0.3568705607376663,0.5047073563390526,0.13842208292328098,Place790,2,1,Warm
0.21742980674063656,0.4496622736191419,0.3329079196402216,Place791,1,3,Cool
0.11285150039745628,0.42833366454689986,0.45881483505564385,Place791,2,4,Very_Cool
0.2240338380709022,0.4499982077292954,0.32596795419980235,Place792,1,3,Cool
0.10445445822212354,0.42251079858553536,0.47303474319234107,Place792,2,4,Very_Cool
0.22325321144031768,0.4542799764012598,0.3224668121584226,Place797,1,3,Cool
0.5940586881264387,0.2527092467824347,0.15323206509112658,Place797,2,0,Very_Warm
0.2181015607604466,0.45296976556784324,0.32892867367171014,Place799,1,3,Cool
0.36881457942997364,0.5073519004120874,0.1238335201579389,Place799,2,1,Warm
0.2260359483804629,0.45331685092397705,0.32064720069555996,Place800,1,3,Cool
0.37325778101079976,0.4981959980423756,0.12854622094682475,Place800,2,1,Warm
0.22829380256721124,0.45343385155365623,0.3182723458791325,Place801,1,3,Cool
0.3757095504841199,0.5005250393312382,0.12376541018464195,Place801,2,1,Warm
0.2281712638375543,0.45205564378930635,0.31977309237313944,Place802,1,3,Cool
0.3765757817967146,0.5007130609551037,0.12271115724818168,Place802,2,1,Warm
0.2243975262690368,0.4543693911257772,0.32123308260518585,Place812,1,3,Cool
0.3642508533310853,0.4980108372599418,0.13773830940897294,Place812,2,1,Warm
0.230640595001765,0.4562289538737463,0.3131304511244886,Place817,1,3,Cool
0.6429888426626325,0.22650734367120523,0.13050381366616237,Place817,2,0,Very_Warm
0.2307918946842852,0.45696114925823217,0.3122469560574827,Place818,1,3,Cool
0.6395432107017024,0.22541367885344357,0.13504311044485395,Place818,2,0,Very_Warm
0.22547484744556948,0.457543122613145,0.31698202994128544,Place819,1,3,Cool
0.6180373706498611,0.23560652258872083,0.14635610676141803,Place819,2,0,Very_Warm
0.22631433390537722,0.457866444579043,0.31581922151557984,Place820,1,3,Cool
0.36635653840759264,0.5080191141864198,0.1256243474059875,Place820,2,1,Warm
0.23075294601671112,0.45713937633187385,0.31210767765141506,Place822,1,3,Cool
0.36857516890621,0.5089747255117344,0.12245010558205556,Place822,2,1,Warm
0.22270996142051636,0.45572552654328685,0.32156451203619674,Place833,1,3,Cool
0.3476336746704748,0.5054876690926701,0.14687865623685523,Place833,2,1,Warm
0.21796125408007727,0.4561588717282109,0.32587987419171177,Place836,1,3,Cool
0.37403120067809914,0.5138156896440076,0.11215310967789324,Place836,2,1,Warm
0.2164839251906776,0.4546986464886067,0.3288174283207157,Place837,1,3,Cool
0.10367894489680873,0.42899850793670896,0.4673225471664822,Place837,2,4,Very_Cool
0.200628328784607,0.4497555230816128,0.3496161481337803,Place847,1,3,Cool
0.36121343053553107,0.5091861500427105,0.1296004194217584,Place847,2,1,Warm
0.2150013558003509,0.4539881790939071,0.33101046510574195,Place848,1,3,Cool
0.358912647781638,0.5105861703562791,0.13050118186208284,Place848,2,1,Warm
0.21559453026869735,0.4548874267309975,0.32951804300030507,Place849,1,3,Cool
0.3612430226019744,0.5104725464584157,0.1282844309396098,Place849,2,1,Warm
0.19499515213635663,0.44675379203251486,0.35825105583112854,Place852,1,4,Very_Cool
0.1531974103008424,0.513914784212902,0.3328878054862555,Place852,2,3,Cool
0.2181509300618833,0.45502994500267285,0.3268191249354438,Place856,1,3,Cool
0.6239417504581702,0.23158947941948585,0.14446877012234385,Place856,2,0,Very_Warm
0.221043925741698,0.454528754336813,0.32442731992148893,Place858,1,3,Cool
0.3625273852052354,0.5085608554933272,0.12891175930143742,Place858,2,1,Warm
0.22114124554629058,0.4550449334974909,0.32381382095621836,Place859,1,3,Cool
0.3637739508044879,0.508294228896766,0.12793182029874614,Place859,2,1,Warm
0.20872515496212216,0.44110192395375825,0.35017292108411946,Place867,1,3,Cool
0.3572022885926954,0.5097573590591199,0.1330403523481848,Place867,2,1,Warm
0.2443166142808539,0.4467432272294799,0.30894015848966616,Place868,1,3,Cool
0.10262661275955881,0.42558463949369996,0.4717887477467413,Place868,2,4,Very_Cool
0.2370126861219217,0.4516336839546154,0.31135362992346294,Place871,1,3,Cool
0.649543365117034,0.21872655886225456,0.1317300760207115,Place871,2,0,Very_Warm
0.23239617063336124,0.4474245093138267,0.32017932005281197,Place872,1,3,Cool
0.6397116285799969,0.2243380971816214,0.13595027423838166,Place872,2,0,Very_Warm
0.2348066612787561,0.4448800570822967,0.32031328163894734,Place873,1,3,Cool
0.35848161398637995,0.5122805088995647,0.1292378771140554,Place873,2,1,Warm
0.23797773299997405,0.4502969396000533,0.3117253273999726,Place874,1,3,Cool
0.36027054438933903,0.5112007476004176,0.1285287080102436,Place874,2,1,Warm
0.2343875745100303,0.44658249050907217,0.31902993498089754,Place876,1,3,Cool
0.10091463927885554,0.42894313621453783,0.4701422245066065,Place876,2,4,Very_Cool
0.23462385359291857,0.4466271780342909,0.3187489683727905,Place877,1,3,Cool
0.10481889632256257,0.4310530366696408,0.4641280670077965,Place877,2,4,Very_Cool
0.2485212639916361,0.4520669351782647,0.2994118008300993,Place881,1,3,Cool
0.623939606628565,0.23166833160649983,0.14439206176493524,Place881,2,0,Very_Warm
0.24274222399456552,0.4477523382161927,0.30950543778924167,Place888,1,3,Cool
0.6278703988076123,0.23027046470088008,0.1418591364915077,Place888,2,0,Very_Warm
0.2432874071479888,0.44782203835019224,0.308890554501819,Place889,1,3,Cool
0.3586502833753014,0.5101078821836174,0.1312418344410811,Place889,2,1,Warm
0.23188408506056818,0.4450731494786009,0.3230427654608308,Place891,1,3,Cool
0.3588192031633788,0.5087925732411979,0.13238822359542352,Place891,2,1,Warm
0.20457955898094898,0.43900671322217427,0.3564137277968768,Place896,1,4,Very_Cool
0.36701428447347284,0.5133681648531325,0.11961755067339458,Place896,2,1,Warm
0.1953026944255909,0.44008381664816915,0.36461348892624,Place897,1,4,Very_Cool
0.36465288793062506,0.5117074931375436,0.12363961893183135,Place897,2,1,Warm
0.24156405142784407,0.45069942433628946,0.30773652423586656,Place903,1,3,Cool
0.36472036631417526,0.5123004554160322,0.12297917826979261,Place903,2,1,Warm
0.2282763398810181,0.4705305650972688,0.30119309502171304,Place911,1,3,Cool
0.4307860300993864,0.4271675642619445,0.14204640563866897,Place911,2,0,Very_Warm
0.23931461433023157,0.47092289501750034,0.28976249065226795,Place912,1,2,Neutral
0.5180304624700847,0.29457501899575017,0.1873945185341652,Place912,2,0,Very_Warm
0.25532833816356826,0.471844914116067,0.27282674772036475,Place915,1,2,Neutral
0.3923007168830524,0.4350373391138501,0.17266194400309753,Place915,2,1,Warm
0.24985512599997695,0.4605548949968127,0.2895899790032105,Place916,1,2,Neutral
0.22345345960994245,0.457071253805638,0.31947528658441954,Place916,2,3,Cool
0.22790961825052444,0.4601541917506738,0.3119361899988017,Place916,3,3,Cool
0.20756377710590135,0.4469304390326534,0.3455057838614453,Place927,1,3,Cool
0.3403763485073901,0.4423014526125345,0.21732219888007537,Place927,2,1,Warm
0.21381383057170986,0.45503290430845145,0.3311532651198386,Place927,3,3,Cool
0.21684891774173143,0.4471126518289887,0.33603843042927983,Place929,1,3,Cool
0.3394474272415144,0.44007165181197344,0.2204809209465122,Place929,2,1,Warm
0.21136537837177463,0.4525750835935695,0.3360595380346557,Place929,3,3,Cool
0.1744885602601294,0.4285370227052991,0.3969744170345715,Place931,1,4,Very_Cool
0.21770854157810038,0.4571389965174031,0.3251524619044965,Place931,2,3,Cool
0.34849182398066986,0.4488174726678831,0.202690703351447,Place931,3,1,Warm
0.25594673239802646,0.47153981747997414,0.2725134501219994,Place932,1,2,Neutral
0.39319594195931806,0.4355426339110218,0.17126142412966008,Place932,2,1,Warm
0.15555325714673268,0.5139728373291736,0.3304739055240937,Place932,3,3,Cool
0.22248248741449453,0.4694279541366021,0.3080895584489034,Place935,1,3,Cool
0.3866963301987144,0.4392416046400358,0.17406206516124972,Place935,2,1,Warm
0.6387884346994128,0.2286950561909527,0.13251650910963456,Place935,3,0,Very_Warm
0.22379631251720575,0.46918123867101885,0.3070224488117753,Place939,1,3,Cool
0.38511608946164827,0.43881750689397925,0.17606640364437248,Place939,2,1,Warm
0.15585444797091294,0.521090400861864,0.3230551511672231,Place939,3,3,Cool
0.22845436907575112,0.4672138254061398,0.3043318055181091,Place940,1,3,Cool
0.38605914388912516,0.43963298699890996,0.1743078691119649,Place940,2,1,Warm
0.15725460608482286,0.5175548444356761,0.325190549479501,Place940,3,3,Cool
0.23811101727858874,0.47187946542271547,0.29000951729869573,Place943,1,2,Neutral
0.3864600210577266,0.4393091800761293,0.1742307988661442,Place943,2,1,Warm
0.16648654894546835,0.5116466061120852,0.3218668449424464,Place943,3,3,Cool
0.23796340881228573,0.46360184816177463,0.29843474302593964,Place945,1,3,Cool
0.42908994381370963,0.4283877481756212,0.1425223080106691,Place945,2,0,Very_Warm
0.6270118389255889,0.2316391170125949,0.14134904406181617,Place945,3,0,Very_Warm
0.24774177532941025,0.47764975274658356,0.2746084719240063,Place949,1,2,Neutral
0.39162266800727447,0.43584231722339833,0.1725350147693271,Place949,2,1,Warm
0.5872045465099249,0.25316318110771424,0.1596322723823608,Place949,3,0,Very_Warm
0.2507118932397878,0.476446767819784,0.2728413389404281,Place953,1,2,Neutral
0.3915883651141094,0.4364309289177693,0.17198070596812115,Place953,2,1,Warm
0.1557553206785553,0.5155201512758327,0.328724528045612,Place953,3,3,Cool
